Job Number,Job Name,Storage Location
2600098009,JOB 1,1035
2600098125,JOB 2,1037
2600098126,JOB 3,1036
2600098130,JOB 4,1038
2600098209,JOB 5,1041
2600098215,JOB 6,1042
2600098239,JOB 7,1043
2600098307,JOB 8,1044
2600098315,JOB 9,1045
2600098316,JOB 10,1046
2600098345,JOB 11,1047
2600098527,JOB 12,1049
2600098614,JOB 13,1052
2600098623,JOB 14,1054
2600098630,JOB 15,1055
2600098640,JOB 16,1056
2600098707,JOB 17,1057
2600098771,JOB 18,1058
2600098781,JOB 19,1059
2600098786,JOB 20,1060
2600098816,JOB 21,1062
2600098822,JOB 22,1063
2600098826,JOB 23,1064
2600098837,JOB 24,1065
2600098907,JOB 25,1066
2600098926,JOB 26,1067
2600098941,JOB 27,1068
2600098952,JOB 28,1069
2600098959,JOB 29,1070
2600098968,JOB 30,1071
2600099092,JOB 31,1072
2600099098,JOB 32,1073
2600099130,JOB 33,1076
2600099146,JOB 34,1077
2600099157,JOB 35,1078
2600099165,JOB 36,1081
2600099166,JOB 37,1079
2600099167,JOB 38,1080
2600099176,JOB 39,1082
2600099189,JOB 40,1083
2600099194,JOB 41,1084
2600099215,JOB 42,1085
2600099280,JOB 43,1086
2600099281,JOB 44,1087
2600099294,JOB 45,1088
2600099307,JOB 46,1089
2600099311,JOB 47,1090
2600099314,JOB 48,1091
2600099318,JOB 49,1092
2600099397,JOB 50,1093
2600099428,JOB 51,1094
2600099431,JOB 52,1095
2600099432,JOB 53,1096
2600099443,JOB 54,1097
2600099470,JOB 55,1098
2600099520,JOB 56,1099
2600099564,JOB 57,1102
2600099577,JOB 58,1103
2600099582,JOB 59,1104
2600099587,JOB 60,1105
2600099615,JOB 61,1107
2600099651,JOB 62,1108
2600099746,JOB 63,1109
2600099770,JOB 64,1110
2600099782,JOB 65,1111
2600099786,JOB 66,1112
2600099850,JOB 67,1113
2600099866,JOB 68,1114
2600099870,JOB 69,1115
2600099936,JOB 70,1116
2600099992,JOB 71,1117
2600100007,JOB 72,1118
2600100020,JOB 73,1119
2600100109,JOB 74,1120
2600100110,JOB 75,1121
2600100115,JOB 76,1122
2600100201,JOB 77,1123
2600100247,JOB 78,1124
2600100392,JOB 79,1126
2600100393,JOB 80,1127
2600100402,JOB 81,1128
2600100439,JOB 82,1129
2600100475,JOB 83,1130
2600100490,JOB 84,1131
2600100542,JOB 85,1132
2600100545,JOB 86,1133
2600100564,JOB 87,1134
2600100582,JOB 88,1135
2600100594,JOB 89,1137
2600100602,JOB 90,1138
2600100603,JOB 91,1139
2600100613,JOB 92,1140
2600100614,JOB 93,1141
2600100616,JOB 94,1142
2600100620,JOB 95,1143
2600100624,JOB 96,1144
2600100625,JOB 97,1145
2600100635,JOB 98,1146
2600100639,JOB 99,1147
2600100674,JOB 100,1149
2600100680,JOB 101,1148
2600100758,JOB 102,1150
2600100816,JOB 103,1151
2600100817,JOB 104,1152
2600100879,JOB 105,1154
2600100890,JOB 106,1155
2600100962,JOB 107,1156
2600101029,JOB 108,1160
2600101041,JOB 109,1161
2600101085,JOB 110,1162
2600101127,JOB 111,1164
2600101133,JOB 112,1165
2600101139,JOB 113,1166
2600101180,JOB 114,1167
2600101201,JOB 115,1168
2600101254,JOB 116,1171
2600101387,JOB 117,1174
2600101388,JOB 118,1175
2600101490,JOB 119,1176
2600101491,JOB 120,1177
2600101505,JOB 121,1181
2600101561,JOB 122,1183
2600101588,JOB 123,1184
2600101662,JOB 124,1186
2600101691,JOB 125,1187
2600101729,JOB 126,1189
2600101734,JOB 127,1190
2600101760,JOB 128,1191
2600101770,JOB 129,1192
2600101776,JOB 130,1193
2600101832,JOB 131,1195
2600101833,JOB 132,1196
2600101901,JOB 133,1197
2600101936,JOB 134,1199
2600101980,JOB 135,1200
2600101982,JOB 136,1201
2600101996,JOB 137,1202
2600102025,JOB 138,1203
2600102040,JOB 139,1204
2600102101,JOB 140,1205
2600102104,JOB 141,1206
2600102106,JOB 142,1207
2600102146,JOB 143,1209
2600102151,JOB 144,1208
2600102168,JOB 145,1212
2600102169,JOB 146,1211
2600102175,JOB 147,1213
2600102206,JOB 148,1214
2600102289,JOB 149,1215
2600102324,JOB 150,1216
2600102326,JOB 151,1217
2600102329,JOB 152,1218
2600102335,JOB 153,1222
2600102336,JOB 154,1223
2600102339,JOB 155,1224
2600102342,JOB 156,1225
2600102347,JOB 157,1226
2600102365,JOB 158,1228
2600102407,JOB 159,1230
2600102409,JOB 160,1231
2600102471,JOB 161,1232
2600102501,JOB 162,1233
2600102508,JOB 163,1234
2600102532,JOB 164,1235
2600102627,JOB 165,1242
2600102640,JOB 166,1243
2600102763,JOB 167,1246
2600102764,JOB 168,1247
2600102824,JOB 169,1249
2600102835,JOB 170,1251
2600102850,JOB 171,1252
2600102927,JOB 172,1253
2600102946,JOB 173,1254
2600103207,JOB 174,1260
2600103228,JOB 175,1261
2600103251,JOB 176,1263
2600103447,JOB 177,1272
2600103448,JOB 178,1273
2600103449,JOB 179,1274
2600103451,JOB 180,1275
2600103459,JOB 181,1276
2600103593,JOB 182,1281
2600103680,JOB 183,1285
2600103745,JOB 184,1287
2600103746,JOB 185,1288
2600103750,JOB 186,1290
2600103819,JOB 187,1293
2600103877,JOB 188,1297
2600103939,JOB 189,1298
2600103998,JOB 190,1301
2600104021,JOB 191,1302
2600104059,JOB 192,1303
2600104161,JOB 193,1305
2600104196,JOB 194,1306
2600104197,JOB 195,1307
2600104229,JOB 196,1309
2600104357,JOB 197,1315
2600104415,JOB 198,1317
2600104513,JOB 199,1319
2600104516,JOB 200,1320
2600104557,JOB 201,1322
2600104623,JOB 202,1323
2600104658,JOB 203,1324
2600104707,JOB 204,1325
2600104760,JOB 205,1328
2600104785,JOB 206,1329
2600104880,JOB 207,1332
2600104885,JOB 208,1333
2600104958,JOB 209,1335
2600104959,JOB 210,1336
2600104962,JOB 211,1337
2600104963,JOB 212,1338
2600104968,JOB 213,1340
2600105113,JOB 214,1343
2600105139,JOB 215,1346
2600105141,JOB 216,1347
2600105145,JOB 217,1348
2600105154,JOB 218,1349
2600105156,JOB 219,1350
2600105157,JOB 220,1351
2600105159,JOB 221,1352
2600105240,JOB 222,1355
2600105242,JOB 223,1356
2600105244,JOB 224,1357
2600105299,JOB 225,1359
2600105314,JOB 226,1360
2600105432,JOB 227,1363
2600105433,JOB 228,1364
2600105488,JOB 229,1365
2600105494,JOB 230,1370
2600105495,JOB 231,1371
2600105563,JOB 232,1373
2600105640,JOB 233,1375
2600105642,JOB 234,1376
2600105643,JOB 235,1377
2600105691,JOB 236,1378
2600105737,JOB 237,1379
2600105738,JOB 238,1380
2600105756,JOB 239,1381
2600105880,JOB 240,1384
2600105932,JOB 241,1386
2600105976,JOB 242,1387
2600105979,JOB 243,1388
2600106006,JOB 244,1389
2600106008,JOB 245,1390
2600106084,JOB 246,1391
2600106107,JOB 247,1394
2600106190,JOB 248,1395
2600106355,JOB 249,1397
2600106404,JOB 250,1398
2600106478,JOB 251,1399
2600106479,JOB 252,1400
2600106480,JOB 253,1401
2600106481,JOB 254,1402
2600106483,JOB 255,1403
2600106484,JOB 256,1404
2600106494,JOB 257,1405
2600106526,JOB 258,1407
2600106546,JOB 259,1408
2600106789,JOB 260,1412
2600106791,JOB 261,1413
2600106794,JOB 262,1414
2600106796,JOB 263,1415
2600106845,JOB 264,1418
2600106864,JOB 265,1419
2600106887,JOB 266,1420
2600106930,JOB 267,1422
2600106951,JOB 268,1424
2600106952,JOB 269,1423
2600107020,JOB 270,1426
2600107320,JOB 271,1432
2600107445,JOB 272,1437
2600107478,JOB 273,1438
2600107488,JOB 274,1439
2600107549,JOB 275,1440
2600107552,JOB 276,1441
2600107590,JOB 277,1442
2600107614,JOB 278,1443
2600107684,JOB 279,1444
2600107686,JOB 280,1445
2600107757,JOB 281,1448
2600107762,JOB 282,1449
2600107800,JOB 283,1450
2600107805,JOB 284,1451
2600107869,JOB 285,1453
2600107935,JOB 286,1455
2600107936,JOB 287,1456
2600107943,JOB 288,1457
2600108007,JOB 289,1458
2600108194,JOB 290,1463
2600108218,JOB 291,1464
2600108272,JOB 292,1466
2600108309,JOB 293,1469
2600108385,JOB 294,1474
2600108392,JOB 295,1475
2600108484,JOB 296,1479
2600108507,JOB 297,1480
2600108535,JOB 298,1481
2600108736,JOB 299,1484
2600108753,JOB 300,1485
2600108756,JOB 301,1486
2600108792,JOB 302,1487
2600108891,JOB 303,1488
2600109095,JOB 304,1493
2600109100,JOB 305,1492
2600109105,JOB 306,1494
2600109201,JOB 307,1495
2600109237,JOB 308,1497
2600109324,JOB 309,1498
2600109380,JOB 310,1500
2600109417,JOB 311,1501
2600109447,JOB 312,1503
2600109559,JOB 313,1505
2600109561,JOB 314,1506
2600109578,JOB 315,1507
2600109665,JOB 316,1509
2600109684,JOB 317,1510
2600109811,JOB 318,1511
2600109829,JOB 319,1512
2600109884,JOB 320,1515
2600110066,JOB 321,1516
2600110225,JOB 322,1518
2600110228,JOB 323,1519
2600110287,JOB 324,1520
2600110295,JOB 325,1521
2600110336,JOB 326,1524
2600110446,JOB 327,1525
2600110453,JOB 328,1527
2600110469,JOB 329,1529
2600110492,JOB 330,1530
2600110502,JOB 331,1531
2600110503,JOB 332,1532
2600110637,JOB 333,1533
2600110638,JOB 334,1534
2600110642,JOB 335,1535
2600110647,JOB 336,1537
2600110654,JOB 337,1539
2600110748,JOB 338,1540
2600110759,JOB 339,1541
2600110801,JOB 340,1542
2600110805,JOB 341,1543
2600110907,JOB 342,1546
2600110925,JOB 343,1549
2600110926,JOB 344,1550
2600110959,JOB 345,1551
2600111039,JOB 346,1552
2600111073,JOB 347,1553
2600111150,JOB 348,1554
2600111185,JOB 349,1556
2600111194,JOB 350,1557
2600111205,JOB 351,1558
2600111337,JOB 352,1562
2600111384,JOB 353,1563
2600111530,JOB 354,1566
2600111557,JOB 355,1567
2600111614,JOB 356,1570
2600111634,JOB 357,1571
2600111753,JOB 358,1574
2600111754,JOB 359,1575
2600111918,JOB 360,1576
2600111947,JOB 361,1577
2600112043,JOB 362,1579
2600112064,JOB 363,1581
2600112131,JOB 364,1582
2600112133,JOB 365,1583
2600112135,JOB 366,1584
2600112142,JOB 367,1587
2600112144,JOB 368,1588
2600112146,JOB 369,1589
2600112150,JOB 370,1590
2600112153,JOB 371,1591
2600112181,JOB 372,1593
2600112291,JOB 373,1596
2600112297,JOB 374,1597
2600112418,JOB 375,1601
2600112490,JOB 376,1602
2600112517,JOB 377,1603
2600112533,JOB 378,1604
2600112598,JOB 379,1606
2600112600,JOB 380,1607
2600112668,JOB 381,1608
2600112702,JOB 382,1610
2600112835,JOB 383,1613
2600112855,JOB 384,1614
2600112882,JOB 385,1615
2600112969,JOB 386,1616
2600113069,JOB 387,1619
2600113087,JOB 388,1620
2600113103,JOB 389,1621
2600113109,JOB 390,1622
2800023669,JOB 391,1125
2800024076,JOB 392,1153
2800024138,JOB 393,1157
2800024139,JOB 394,1158
2800024205,JOB 395,1163
2800024322,JOB 396,1172
2800024978,JOB 397,1227
2800025117,JOB 398,1236
2800025118,JOB 399,1237
2800025143,JOB 400,1238
2800025144,JOB 401,1239
2800025148,JOB 402,1240
2800025163,JOB 403,1241
2800025233,JOB 404,1244
2800025358,JOB 405,1255
2800025395,JOB 406,1256
2800025508,JOB 407,1257
2800025524,JOB 408,1258
2800025534,JOB 409,1259
2800025583,JOB 410,1262
2800025599,JOB 411,1265
2800025623,JOB 412,1266
2800025661,JOB 413,1268
2800025676,JOB 414,1269
2800025728,JOB 415,1271
2800025818,JOB 416,1277
2800025865,JOB 417,1278
2800025866,JOB 418,1279
2800025868,JOB 419,1280
2800025925,JOB 420,1283
2800025944,JOB 421,1284
2800025948,JOB 422,1286
2800025995,JOB 423,1289
2800026014,JOB 424,1291
2800026038,JOB 425,1292
2800026075,JOB 426,1296
2800026163,JOB 427,1299
2800026188,JOB 428,1300
2800026335,JOB 429,1304
2800026518,JOB 430,1311
2800026520,JOB 431,1312
2800026531,JOB 432,1313
2800026541,JOB 433,1314
2800026588,JOB 434,1316
2800026634,JOB 435,1318
2800026676,JOB 436,1321
2800027048,JOB 437,1341
2800027094,JOB 438,1344
2800027096,JOB 439,1345
2800027204,JOB 440,1358
2800027237,JOB 441,1361
2800027277,JOB 442,1362
2800027355,JOB 443,1367
2800027356,JOB 444,1368
2800027357,JOB 445,1369
2800027398,JOB 446,1372
2800027408,JOB 447,1374
2800027559,JOB 448,1383
2800027574,JOB 449,1385
2800027744,JOB 450,1393
2800028070,JOB 451,1409
2800028272,JOB 452,1421
2800028470,JOB 453,1429
2800028548,JOB 454,1431
2800028686,JOB 455,1435
2800028989,JOB 456,1452
2800029148,JOB 457,1459
2800029366,JOB 458,1470
2800029368,JOB 459,1471
2800029370,JOB 460,1473
2800029450,JOB 461,1476
2800029451,JOB 462,1477
2800030029,JOB 463,1496
2800030228,JOB 464,1502
2800030396,JOB 465,1508
2800030917,JOB 466,1522
2800030938,JOB 467,1523
2800031063,JOB 468,1528
2800031175,JOB 469,1536
2800031360,JOB 470,1545
2800031415,JOB 471,1547
2800031417,JOB 472,1548
2800031595,JOB 473,1555
2800031670,JOB 474,1559
2800031671,JOB 475,1560
2800031720,JOB 476,1561
2800031754,JOB 477,1564
2800031887,JOB 478,1565
2800031932,JOB 479,1568
2800032314,JOB 480,1578
2800032401,JOB 481,1580
2800032580,JOB 482,1595
2800032612,JOB 483,1598
2800032719,JOB 484,1599
2800032722,JOB 485,1600
2800032897,JOB 486,1605
2800033115,JOB 487,1611
2800033147,JOB 488,1612
2800033373,JOB 489,1617
2800033465,JOB 490,1623
2800033466,JOB 491,1625
